{
  "id": "1162101",
  "name": "手机网",
  "font_family": "iconfont",
  "css_prefix_text": "icon-",
  "description": "",
  "glyphs": [
    {
      "icon_id": "791010",
      "name": "前进",
      "font_class": "qianjin",
      "unicode": "e642",
      "unicode_decimal": 58946
    },
    {
      "icon_id": "1125606",
      "name": "添加",
      "font_class": "tianjia",
      "unicode": "e634",
      "unicode_decimal": 58932
    },
    {
      "icon_id": "1306486",
      "name": "下拉",
      "font_class": "xiala2",
      "unicode": "e619",
      "unicode_decimal": 58905
    },
    {
      "icon_id": "2529743",
      "name": "上一页、后退",
      "font_class": "arrowleft",
      "unicode": "e61b",
      "unicode_decimal": 58907
    },
    {
      "icon_id": "2529747",
      "name": "下一页、前进",
      "font_class": "arrowright",
      "unicode": "e61c",
      "unicode_decimal": 58908
    },
    {
      "icon_id": "2793998",
      "name": "向下",
      "font_class": "shang",
      "unicode": "e602",
      "unicode_decimal": 58882
    },
    {
      "icon_id": "3204911",
      "name": "垃圾桶",
      "font_class": "lajitong",
      "unicode": "e646",
      "unicode_decimal": 58950
    },
    {
      "icon_id": "3888600",
      "name": "定位",
      "font_class": "location",
      "unicode": "e600",
      "unicode_decimal": 58880
    },
    {
      "icon_id": "4002891",
      "name": "筛选",
      "font_class": "shaixuan",
      "unicode": "e7e8",
      "unicode_decimal": 59368
    },
    {
      "icon_id": "4331548",
      "name": "刷新",
      "font_class": "shuaxin1",
      "unicode": "e60c",
      "unicode_decimal": 58892
    },
    {
      "icon_id": "4737415",
      "name": "向下",
      "font_class": "shang-copy",
      "unicode": "e605",
      "unicode_decimal": 58885
    },
    {
      "icon_id": "4842326",
      "name": "后退",
      "font_class": "Fill",
      "unicode": "e632",
      "unicode_decimal": 58930
    },
    {
      "icon_id": "5213583",
      "name": "下 拉",
      "font_class": "xiala",
      "unicode": "e627",
      "unicode_decimal": 58919
    },
    {
      "icon_id": "5370283",
      "name": "添加",
      "font_class": "guanbi-copy",
      "unicode": "e7cf",
      "unicode_decimal": 59343
    },
    {
      "icon_id": "6059623",
      "name": "分享",
      "font_class": "fenxiang",
      "unicode": "e630",
      "unicode_decimal": 58928
    },
    {
      "icon_id": "6172172",
      "name": "关闭叉叉",
      "font_class": "guanbichacha",
      "unicode": "e65b",
      "unicode_decimal": 58971
    },
    {
      "icon_id": "6985657",
      "name": "搜索",
      "font_class": "sousuo1",
      "unicode": "e641",
      "unicode_decimal": 58945
    },
    {
      "icon_id": "7259387",
      "name": "加",
      "font_class": "jia",
      "unicode": "e609",
      "unicode_decimal": 58889
    },
    {
      "icon_id": "8323744",
      "name": "下  拉",
      "font_class": "xiala1",
      "unicode": "e635",
      "unicode_decimal": 58933
    }
  ]
}
